{"cameraMode":{"drawMode":0,"name":"Shaded","section":"Shading Mode"},"sceneLighting":true,"audioPlay":false,"sceneViewState":{"m_AlwaysRefresh":true,"showFog":true,"showSkybox":true,"showFlares":true,"showImageEffects":true,"showParticleSystems":true,"showVisualEffectGraphs":true,"m_FxEnabled":false},"in2DMode":false,"pivot":{"x":29.95905303955078,"y":14.391901016235352,"z":2.1450586318969728},"rotation":{"x":-0.07190924137830734,"y":-0.028126979246735574,"z":0.002028635237365961,"w":-0.9970130920410156},"size":22.388090133666993,"orthographic":false}