{"cameraMode":{"drawMode":0,"name":"Shaded","section":"Shading Mode"},"sceneLighting":true,"audioPlay":false,"sceneViewState":{"m_AlwaysRefresh":true,"showFog":true,"showSkybox":true,"showFlares":true,"showImageEffects":true,"showParticleSystems":true,"showVisualEffectGraphs":true,"m_FxEnabled":false},"in2DMode":false,"pivot":{"x":-0.2037096917629242,"y":0.7004950046539307,"z":-0.20351290702819825},"rotation":{"x":0.13550767302513123,"y":0.09052214026451111,"z":-0.012433020398020745,"w":0.9865583181381226},"size":1.8990248441696168,"orthographic":true}