{"cameraMode":{"drawMode":0,"name":"Shaded","section":"Shading Mode"},"sceneLighting":true,"audioPlay":false,"sceneViewState":{"m_AlwaysRefresh":true,"showFog":true,"showSkybox":true,"showFlares":true,"showImageEffects":true,"showParticleSystems":true,"showVisualEffectGraphs":true,"m_FxEnabled":false},"in2DMode":false,"pivot":{"x":0.32874056696891787,"y":-3.192183017730713,"z":4.465999126434326},"rotation":{"x":-0.26246634125709536,"y":-0.039937496185302737,"z":0.01087376568466425,"w":-0.9640570282936096},"size":11.56776237487793,"orthographic":false}